"id","order","title","status","created_at","updated_at"
"14981248-7cf6-4e8c-85a5-4037e6185636","1","dsfds","Normal","2026-03-23 23:49:14","2026-03-24 01:03:26"
"f53c1e9a-6023-48a9-ad29-a555201dd8bd","2","fasdfasfd","Normal","2026-03-24 00:37:59","2026-03-24 01:03:26"
"00edbe1f-8df8-41f9-955d-641df7000d2a","3","fdasfd","Normal","2026-03-23 23:59:46","2026-03-24 01:03:26"
"143ca132-3a33-4283-8b64-f8f61a9b4141","4","fdasfas","Stopped","2026-03-24 00:37:56","2026-03-24 01:03:26"
"a29bc80c-5522-4b7b-8c34-b15aa573664f","5","fdasfasdfsadf","Stopped","2026-03-24 00:37:57","2026-03-24 01:03:26"
"41f81f64-f9bf-477e-bc7c-d47b8f2e15aa","6","fdasfas","Done","2026-03-24 00:15:39","2026-03-24 00:15:53"
"9643a055-e73a-46f0-add1-006575812f0e","7","aaa","Done","2026-03-23 23:49:12","2026-03-24 00:33:24"
"6d96be63-8b66-48ad-996a-04d52ea81f21","8","fdsaf","Done","2026-03-24 00:34:55","2026-03-24 00:37:51"
"7b86f4ac-89f0-4e82-a794-cd50712e1311","9","ｆだｓｆだｓ","Done","2026-03-24 00:34:57","2026-03-24 00:37:51"
